onset	duration	trial_type
0.0134443149872823	2	word
4.01539407498785	2	word
8.03436728900124	2	word
20.0569429039897	2	face
24.076172533998	2	face
28.0777107199974	2	face
40.1005903939949	2	tool or shape
44.1025503379933	2	tool or shape
48.1045865060005	2	tool or shape
60.1275514429872	2	number
64.146420346995	2	number
68.1482512489893	2	number
80.1719710709876	2	number
84.1732138379884	2	number
88.1752504499891	2	number
100.198131681987	2	tool or shape
104.200229544993	2	tool or shape
108.202258723992	2	tool or shape
120.208572492993	2	face
124.210479913992	2	face
128.212544555994	2	face
140.235396405988	2	word
144.237366456	2	word
148.239511323001	2	word
