onset	duration	trial_type
0.0144797760003712	2	number
4.01646665600128	2	number
8.01860809100617	2	number
20.024789291012	2	face
24.0268474250042	2	face
28.0289227910107	2	face
40.0351128190086	2	word
44.0375547770091	2	word
48.0393405330105	2	word
60.0453890980134	2	tool or shape
64.0646312290046	2	tool or shape
68.0661963620078	2	tool or shape
80.0723051920068	2	face
84.0744549190131	2	face
88.0764194100047	2	face
100.082647037008	2	number
104.085171886007	2	number
108.086739421007	2	number
120.109538098011	2	word
124.111656088004	2	word
128.113770192009	2	word
140.136646818006	2	tool or shape
144.138633913011	2	tool or shape
148.140653078008	2	tool or shape
