onset	duration	trial_type
0.0177427349844947	2	face
4.01955063798232	2	face
8.02172709995648	2	face
20.0446479370003	2	number
24.0466223539552	2	number
28.0652478800039	2	number
40.0883465619991	2	tool or shape
44.0903206269722	2	tool or shape
48.0922747389995	2	tool or shape
60.1152109129471	2	word
64.1171540829819	2	word
68.1192400799482	2	word
80.1420905379928	2	tool or shape
84.1440946469666	2	tool or shape
88.1462098879856	2	tool or shape
100.169124362001	2	number
104.171079556982	2	number
108.173277844966	2	number
120.179306508973	2	face
124.181438999949	2	face
128.183456623985	2	face
140.206274785975	2	word
144.208388401952	2	word
148.210476623964	2	word
