onset	duration	trial_type
0.0128319750074297	2	number
4.01483045599889	2	number
8.01735541003291	2	number
20.0398023910238	2	word
24.0586538950447	2	word
28.060640233045	2	word
40.083472177037	2	tool or shape
44.0853805730003	2	tool or shape
48.0875965910382	2	tool or shape
60.093634638004	2	face
64.095730777015	2	face
68.0978399430169	2	face
80.1206610310473	2	word
84.1227598650148	2	word
88.1247572019929	2	word
100.147520689992	2	tool or shape
104.149714653031	2	tool or shape
108.151747283991	2	tool or shape
120.174657597032	2	number
124.176669269043	2	number
128.178976959025	2	number
140.184842285002	2	face
144.186922198045	2	face
148.188926603994	2	face
