onset	duration	trial_type
0.0106762629002333	2	face
4.01283698389307	2	face
8.01482324488461	2	face
20.0376467281021	2	tool or shape
24.0397843089886	2	tool or shape
28.058573469054	2	tool or shape
40.0812541148625	2	word
44.0833437438123	2	word
48.0854008570313	2	word
60.1750006596558	2	number
64.1770093129016	2	number
68.1791363689117	2	number
80.2019187076949	2	tool or shape
84.2040009759367	2	tool or shape
88.2060274058022	2	tool or shape
100.228859953117	2	number
104.230987274088	2	number
108.232991908677	2	number
120.23922784999	2	face
124.241260937881	2	face
128.243489677086	2	face
140.266118824016	2	word
144.268288081046	2	word
148.270282069687	2	word
