onset	duration	trial_type
0.0215185140259564	2	tool or shape
4.02490495610982	2	tool or shape
8.04231376806274	2	tool or shape
20.0652206370141	2	word
24.0680359320249	2	word
28.0691083550919	2	word
40.0919537250884	2	number
44.0940552919637	2	number
48.0960189760663	2	number
60.1023058369756	2	face
64.1042737450916	2	face
68.1064540089574	2	face
80.1292275860906	2	word
84.1312881130725	2	word
88.1530360050965	2	word
100.172922594007	2	tool or shape
104.176265845075	2	tool or shape
108.177263230085	2	tool or shape
120.199862455018	2	number
124.201999020996	2	number
128.20401492808	2	number
140.210043713916	2	face
144.212221971946	2	face
148.214197922032	2	face
